train_mse,train_rmse,test_mse,test_rmse
0.00045135,0.021244999411626258,0.0005010177915435495,0.022383426715843792
