train_mse,train_rmse,test_mse,test_rmse
0.0010138977684475247,0.03184176139046841,0.0010403337941916869,0.03225420583724992
