train_mse,train_rmse,test_mse,test_rmse
0.00034452487711920433,0.018561381336506297,0.0004714004559864722,0.021711758472921353
