train_mse,train_rmse,test_mse,test_rmse
0.001240829875116746,0.035225415187286946,0.0012535043487716334,0.035404863349145034
