train_mse,train_rmse,test_mse,test_rmse
0.00060444561254,0.024585475641931354,0.0009143684836639379,0.030238526479706943
