train_mse,train_rmse,test_mse,test_rmse
0.0004793526624,0.02189412392401212,0.000559351245,0.02365060770889408
